magnitude,cdi,mmi,sig,nst,dmin,gap,depth,latitude,longitude,Year,Month,tsunami
7,8,7,768,117,0.509,17,14,-9.7963,159.596,2022,11,1
6.9,4,4,735,99,2.229,34,25,-4.9559,100.738,2022,11,0
7,3,3,755,147,3.125,18,579,-20.0508,-178.346,2022,11,1
7.3,5,5,833,149,1.865,21,37,-19.2918,-172.129,2022,11,1
6.6,0,2,670,131,4.998,27,624.464,-25.5948,178.278,2022,11,1
7,4,3,755,142,4.578,26,660,-26.0442,178.381,2022,11,1
6.8,1,3,711,136,4.678,22,630.379,-25.9678,178.363,2022,11,1
6.7,7,6,797,145,1.151,37,20,7.6712,-82.3396,2022,10,1
6.8,8,7,1179,175,2.137,92,20,18.33,-102.913,2022,9,1
7.6,9,8,1799,271,1.153,69,26.943,18.3667,-103.252,2022,9,1
6.9,9,9,887,215,0.401,34,10,23.1444,121.307,2022,9,1
6.5,7,7,756,178,0.43,54,10,23.029,121.348,2022,9,1
7,7,5,761,192,2.977,45,137,-21.2077,170.239,2022,9,1
7.6,8,8,965,272,3.158,12,116,-6.2237,146.471,2022,9,1
6.6,9,8,1043,141,8.454,34,12,29.7263,102.279,2022,9,0
6.6,7,6,672,68,5.293,34,30,-32.6922,-178.959,2022,8,1
7,9,8,1351,152,5.276,22,33.729,17.5978,120.809,2022,7,1
6.5,3,2,653,236,1.999,31,622.73,-9.0618,-71.1647,2022,6,0
7.2,7,5,876,144,2.494,40,236,-14.8628,-70.3081,2022,5,1
6.9,2,5,733,127,0.371,45,10,-54.1325,159.027,2022,5,1
6.8,6,5,762,162,1.505,30,220,-23.6141,-66.7236,2022,5,1
6.6,6,5,762,0,0.914,94,27,11.5538,-86.9919,2022,4,1
7,6,4,763,0,2.705,26,10,-22.5732,170.349,2022,3,1
6.9,6,4,738,0,2.697,42,10,-22.72,170.277,2022,3,1
6.7,8,7,806,0,0.289,32,24,23.3421,121.636,2022,3,1
7.3,9,8,2397,0,2.936,29,41,37.7015,141.587,2022,3,1
6.7,9,6,708,0,2.188,43,28,-0.6831,98.6034,2022,3,0
6.6,2,7,670,0,0.827,46,24,-30.0528,-177.74,2022,3,1
6.8,2,3,712,0,5.78,12,535,-23.7852,-179.968,2022,2,1
6.5,8,6,690,0,3.026,22,110,-4.455,-76.9395,2022,2,0
6.5,7,4,651,0,1.088,57,8,-29.535,-176.729,2022,1,1
6.6,8,6,785,0,2.418,22,33,-6.9291,105.251,2022,1,0
6.5,0,3,650,97,1.61607,108,37,52.502,-168.08,2022,1,1
6.5,0,3,650,23,0,208.8,37,52.502,-168.08,2022,1,1
6.6,8,5,674,0,0.507,49,19,52.6252,-168.15,2022,1,1
6.7,0,4,691,50,0.936943,126,33,52.48,-167.736,2022,1,1
6.7,0,4,691,20,0,205.2,33,52.48,-167.736,2022,1,1
6.8,7,6,730,0,0.92,61,20,52.6563,-167.917,2022,1,1
6.6,6,6,976,0,1.168,21,21,35.1456,31.9095,2022,1,0
6.6,9,8,1012,0,2.685,13,13,37.8167,101.299,2022,1,0
7.3,8,7,921,0,3.713,19,165.49,-7.5924,127.581,2021,12,0
7.3,9,5,854,0,1.025,32,14.27,-7.6033,122.2,2021,12,1
7.5,8,8,1094,0,4.951,40,126,-4.4898,-76.8461,2021,11,1
6.6,7,4,688,0,3.259,15,12,23.5414,126.48,2021,11,1
6.9,8,6,995,0,0,0,51.6,56.2581,-156.492,2021,10,1
6.9,4,3,740,0,4.778,31,535,-21.1704,174.54,2021,10,1
7.3,4,4,826,0,4.493,32,527,-21.1036,174.895,2021,10,1
6.5,7,5,684,0,0.993,114,21,12.1598,-87.8542,2021,9,1
7,8,8,2504,0,0.07,43,20,16.9502,-99.7877,2021,9,1
7.1,1,4,776,0,9.799,32,6,-60.3026,-24.9992,2021,8,1
6.6,1,3,670,0,8.865,19,7,-60.1023,-24.4608,2021,8,1
6.9,8,7,741,0,0.579,54,93,-14.892,167.085,2021,8,1
6.9,6,4,734,0,8.363,48,16.7,-58.3814,-23.3318,2021,8,1
7.2,9,8,2331,0,1.178,23,10,18.3521,-73.4804,2021,8,1
6.9,5,4,738,0,0,0,33.3,55.2364,-157.707,2021,8,1
6.9,5,4,738,0,1.173,36,20.74,55.2657,-157.68,2021,8,1
8.1,0,7,1009,0,7.463,78,22.79,-58.4157,-25.3206,2021,8,0
7.5,9,6,868,0,7.227,38,47.23,-57.5959,-25.1874,2021,8,1
7.1,9,7,846,0,1.273,25,55.14,6.4547,126.742,2021,8,1
8.2,8,6,1237,0,0.875,66,46.66,55.4742,-157.917,2021,7,1
8.2,8,7,1252,0,0,0,35,55.3154,-157.829,2021,7,1
6.7,8,5,935,0,8.139,12,110,13.6989,120.713,2021,7,1
6.7,6,6,830,0,1.395,61,10,7.5904,-82.8813,2021,7,1
6.5,0,4,650,0,7.994,24,25,-30.2144,-177.773,2021,6,1
6.5,5,7,652,0,4.518,44,10,-16.4796,-177.356,2021,5,1
7.3,9,9,1025,0,4.655,9,10,34.5861,98.2551,2021,5,0
6.7,8,4,698,0,1.487,37,11,0.1684,96.6475,2021,5,0
6.7,9,3,694,0,10.669,45,10,-17.2495,66.3745,2021,5,0
6.9,7,6,919,0,2.619,35,43,38.2296,141.665,2021,5,1
6.5,4,4,651,0,5.931,20,246,-21.6857,-177.064,2021,4,0
6.5,6,4,652,0,10.405,19,301,-18.9204,-176.235,2021,4,0
7,7,7,1052,0,2.378,35,43,38.4752,141.607,2021,3,1
6.6,5,5,672,0,3.183,18,13.23,54.7018,163.208,2021,3,1
6.5,0,4,650,0,11.764,25,24,-28.4792,-176.619,2021,3,0
8.1,9,8,1021,0,0.739,21,28.93,-29.7466,-177.224,2021,3,1
7.4,3,7,843,0,0.437,30,43,-29.6131,-177.842,2021,3,1
7.3,7,6,932,0,0.918,24,10,-37.596,179.544,2021,3,1
7.1,9,8,1612,0,3.085,11,43.98,37.6856,141.992,2021,2,1
7.7,9,4,918,0,7.989,15,10,-23.2787,171.489,2021,2,1
6.9,9,5,739,0,1.55,16,15,-61.8484,-55.559,2021,1,1
7,7,5,802,0,2.821,15,80,5.0074,127.517,2021,1,1
6.7,8,8,776,0,2.043,22,10,51.2407,100.443,2021,1,0
6.7,5,5,776,0,1.319,19,10,-39.3264,-74.9067,2020,12,1
7,8,7,1527,0,1.518,18,21,37.8973,26.7953,2020,10,0
7.6,9,7,1165,0,0.23,36,28.37,54.662,-159.675,2020,10,1
6.9,0,3,732,0,11.255,16,10,0.9604,-26.8332,2020,9,1
6.5,6,6,674,0,0.388,49,16,-27.9285,-71.3937,2020,9,0
6.8,6,7,824,0,0.312,69,21,-28.013,-71.1958,2020,9,1
6.5,4,5,651,0,15.394,31,10,0.8696,-29.7046,2020,8,0
6.9,4,3,749,0,2.267,20,624,-6.6704,123.493,2020,8,0
6.9,4,4,735,0,1.716,25,26,-4.2791,101.215,2020,8,0
6.8,5,4,716,0,1.816,34,22,-4.3724,101.095,2020,8,0
6.6,9,8,784,0,5.128,14,10,12.0065,124.13,2020,8,1
7.8,9,7,1111,0,0.621,60,28,55.1079,-158.477,2020,7,1
7,6,7,820,0,1.671,18,73,-7.847,147.755,2020,7,1
6.6,4,2,684,0,1.458,14,533.76,-5.6368,110.678,2020,7,0
7.4,8,8,1494,0,0.151,30,20,15.9163,-95.9533,2020,6,1
7.4,7,7,873,0,4.035,23,10,-33.2938,-177.838,2020,6,1
6.6,5,4,734,0,2.015,18,165,28.9386,128.262,2020,6,1
6.8,6,6,835,0,1.164,21,112,-23.2966,-68.4204,2020,6,1
6.5,7,8,1320,27,0.357,55.79,2.7,38.1689,-117.85,2020,5,0
6.6,4,6,671,0,3.403,12,107,-12.0662,166.648,2020,5,1
6.8,4,6,738,0,1.921,16,96,-6.7762,129.785,2020,5,0
6.5,7,6,678,0,1.293,19,10,34.1818,25.7101,2020,5,0
6.5,8,8,1410,0,0.885,31,12.06,44.4646,-115.118,2020,3,0
7.5,6,5,879,0,4.109,12,57.8,48.9638,157.695,2020,3,1
7,5,6,770,0,4.501,25,143,45.6161,148.959,2020,2,1
7.7,9,6,1812,0,1.657,26,14.86,19.4193,-78.756,2020,1,1
6.7,8,9,1247,0,0.87,49,10,38.4312,39.0609,2020,1,0
6.8,9,7,825,0,0.546,39,18,6.6969,125.174,2019,12,1
7.1,6,6,799,0,1.271,11,33,1.6213,126.416,2019,11,1
6.5,0,2,650,0,4.765,25,577,-21.9449,-179.511,2019,11,0
6.6,4,4,673,0,5.086,48,10,-18.5747,-175.272,2019,11,1
6.5,9,7,733,0,0.428,19,10,6.9098,125.178,2019,10,1
6.6,9,7,780,0,0.646,24,15,6.7567,125.008,2019,10,1
6.7,7,6,844,0,1.269,98,11,-35.4758,-73.163,2019,9,1
6.5,7,7,656,0,3.909,15,12.26,-3.4528,128.37,2019,9,1
6.6,2,3,671,0,4.121,19,591,-20.3641,-178.57,2019,9,1
6.6,0,4,670,0,12.896,19,16,-60.2152,-26.5801,2019,8,1
6.9,4,6,875,0,2.839,23,49,-7.2822,104.791,2019,8,0
6.8,6,6,947,0,0.817,35,25,-34.2364,-72.3102,2019,8,1
6.6,0,4,670,0,6.024,30,181,-16.1985,167.998,2019,7,1
7.2,7,7,809,0,1.504,38,18.98,-0.5858,128.034,2019,7,1
6.6,5,5,791,0,2.978,32,10,-18.2242,120.358,2019,7,0
6.9,7,5,747,0,1.205,21,35,0.5126,126.189,2019,7,0
7.1,9,9,1646,77,0.04616,43,8,35.7695,-117.599,2019,7,0
7.3,4,6,952,0,2.629,16,212,-6.4078,129.169,2019,6,1
7.3,8,6,830,0,1.402,11,46,-30.6441,-178.1,2019,6,1
6.6,7,6,886,0,1.193,22,57.92,13.1994,-89.3056,2019,5,1
8,9,8,1890,0,3.18,17,122.57,-5.8119,-75.2697,2019,5,1
7.6,7,7,929,0,0.453,16,10,-4.051,152.597,2019,5,1
7.1,7,6,826,0,2.514,16,146,-6.9746,146.449,2019,5,1
6.8,5,6,717,0,0.791,28,15.46,-1.8146,122.58,2019,4,1
6.5,0,5,650,0,7.568,18,38,-58.6262,-25.304,2019,4,1
7,7,4,869,0,2.501,42,267,-14.7131,-70.1546,2019,3,1
7.5,7,7,1145,0,2.045,15,145,-2.1862,-77.0505,2019,2,1
6.7,6,6,909,0,0.289,43,66,14.6802,-92.4527,2019,2,1
6.7,0,3,691,0,7.527,17,13,-43.1219,42.3568,2019,1,0
6.7,8,8,1600,0,0.173,22,63,-30.0404,-71.3815,2019,1,1
6.6,5,4,671,0,7.818,18,35,-13.336,166.875,2019,1,1
6.6,2,4,672,0,1.596,33,43.21,2.258,126.758,2019,1,1
6.8,3,3,715,0,1.181,16,570.41,-8.144,-71.587,2019,1,0
7,5,5,803,0,1.769,21,60.21,5.8983,126.921,2018,12,1
7.3,3,7,822,0,4.126,23,16.56,55.0999,164.699,2018,12,1
7.1,0,5,776,0,7.043,20,133,-58.5446,-26.3856,2018,12,1
6.6,0,4,670,0,2.679,31,10,-22.0629,169.733,2018,12,1
7.5,3,6,871,0,2.405,18,10,-21.9496,169.427,2018,12,1
7.1,8,8,1790,0,0,0,46.7,61.3464,-149.955,2018,11,1
6.8,0,3,711,0,2.879,39,540,-17.8735,-178.927,2018,11,1
6.7,3,4,693,0,7.853,19,10,71.6312,-11.2431,2018,11,1
6.8,8,7,954,0,2.268,15,14,37.5203,20.5565,2018,10,0
6.5,2,4,655,0,1.692,68,10,49.297,-129.724,2018,10,0
6.8,4,4,776,0,1.505,36,10,49.3346,-129.289,2018,10,1
6.5,3,4,669,0,1.611,63,10,49.2586,-129.412,2018,10,1
6.5,0,4,650,0,2.109,22,17,-21.7427,169.522,2018,10,1
6.7,0,3,691,0,2.705,17,461,52.8549,153.243,2018,10,1
6.5,0,4,650,0,3.923,14,20,49.2902,156.297,2018,10,1
7,6,6,758,0,1.778,18,39,-5.7012,151.205,2018,10,1
6.7,2,3,691,0,3.745,23,550,-18.3604,-178.063,2018,9,1
7.5,8,8,2026,0,1.649,13,20,-0.2559,119.846,2018,9,0
6.5,4,1,651,0,5.139,18,576,-25.415,178.199,2018,9,0
6.9,3,4,735,0,2.785,18,115,-31.7447,-179.373,2018,9,0
6.5,3,6,651,0,1.638,25,68,-10.0207,161.503,2018,9,1
7.9,7,4,979,0,1.431,12,670.81,-18.4743,179.35,2018,9,1
6.6,8,9,1075,0,1.13,32,35,42.6861,141.929,2018,9,1
7.1,2,5,776,0,2.548,23,21.43,-22.0295,170.126,2018,8,1
7.1,0,3,776,0,3.77,12,630,-11.0355,-70.8284,2018,8,0
6.5,6,7,652,0,4.797,10,9,-16.0315,168.143,2018,8,1
7.3,8,6,1570,0,1.822,15,146.82,10.7731,-62.9019,2018,8,1
6.9,7,7,1206,0,2.453,31,21,-8.319,116.627,2018,8,0
8.2,5,4,1050,0,3.63,13,600,-18.1125,-178.153,2018,8,1
6.5,5,3,743,0,2.719,23,529,-7.3718,119.802,2018,8,0
6.5,6,6,655,0,0.576,22,33.93,51.4234,-178.026,2018,8,1
6.9,9,8,1704,0,2.271,15,34,-8.2581,116.438,2018,8,0
6.9,7,8,1392,63,0.11,210,5.81,19.3182,-155,2018,5,1
6.8,5,3,733,0,5.32,16,559,-20.6588,-63.0058,2018,4,0
6.9,9,6,741,0,1.487,18,35,-5.5321,151.5,2018,3,1
6.7,5,6,696,0,1.507,15,40,-5.5024,151.402,2018,3,1
6.8,6,6,719,0,1.049,16,22.86,-4.3762,153.2,2018,3,1
6.7,8,7,697,0,5.457,19,20.49,-6.3043,142.612,2018,3,1
7.5,9,8,943,0,5.48,17,25.21,-6.0699,142.754,2018,2,1
7.2,7,7,1384,0,0.142,82,22,16.3855,-97.9787,2018,2,1
7.9,9,4,1870,0,2.585,30,14.06,56.0039,-149.166,2018,1,1
7.1,9,7,1075,0,4.29,23,39,-15.7675,-74.7092,2018,1,1
7.5,8,5,1623,0,4.581,12,19,17.4825,-83.52,2018,1,1
6.5,8,7,998,0,2.365,28,90,-7.4921,108.174,2017,12,0
6.5,1,5,651,0,17.654,23,17,-54.2189,2.1628,2017,12,1
7,4,6,771,0,0.617,14,10,-21.3246,168.671,2017,11,1
6.6,4,5,676,0,0.529,21,13,-21.5027,168.598,2017,11,1
6.5,8,8,1153,0,0.225,37,19.36,9.5147,-84.4865,2017,11,1
7.3,8,9,2790,0,0.284,33,19,34.9109,45.9592,2017,11,0
6.5,6,5,661,0,4.449,10,110.57,-4.2433,143.485,2017,11,1
6.8,5,5,727,0,4.852,21,10,-15.3197,-173.168,2017,11,1
6.6,3,5,674,0,0.788,29,22,-21.6484,168.859,2017,11,1
6.7,3,4,691,0,1.062,55,24,-21.6971,169.148,2017,10,1
6.7,3,3,694,0,1.634,16,553.81,-7.2168,123.074,2017,10,0
6.5,3,5,651,0,1.154,11,119,52.3909,176.769,2017,10,1
7.1,9,8,1686,0,0.984,23,48,18.5499,-98.4887,2017,9,0
8.2,9,7,2910,0,0.944,22,47.39,15.0222,-93.8993,2017,9,1
6.5,5,7,707,0,11.411,22,9,33.1926,103.855,2017,8,0
6.6,7,7,1064,0,0.913,16,7,36.9293,27.4139,2017,7,0
7.7,8,7,918,0,3.564,13,10,54.4434,168.857,2017,7,1
6.6,5,4,704,0,3.773,37,10,-49.4837,164.016,2017,7,1
6.5,9,8,740,0,4.139,30,9,11.1269,124.629,2017,7,1
6.8,6,6,1034,0,1.065,38,38.12,13.7174,-90.9718,2017,6,1
6.9,8,6,1188,0,0.247,35,93,14.9091,-92.0092,2017,6,1
6.8,0,4,711,0,2.308,12,5,54.0312,170.92,2017,6,1
6.6,7,7,678,0,2.353,18,12,-1.2923,120.431,2017,5,0
6.5,0,4,650,0,6.489,17,15,-56.414,-25.7432,2017,5,1
6.8,6,5,713,0,7.495,19,169,-14.5884,167.377,2017,5,1
6.9,9,6,814,0,1.636,14,26,5.5043,125.066,2017,4,1
6.9,9,7,1642,0,0.356,39,28,-33.0375,-72.0617,2017,4,1
6.5,7,8,1297,0,2.36,15,29,-22.6784,25.1558,2017,4,0
6.6,6,7,671,0,4.591,14,17,56.9401,162.786,2017,3,1
6.9,2,3,733,0,6.012,19,414.5,-23.2593,-178.804,2017,2,1
6.5,3,3,653,0,4.242,14,595.98,-19.2814,-63.9047,2017,2,0
6.5,8,7,718,0,2.822,36,15,9.9071,125.452,2017,2,1
7.9,9,7,987,0,3.625,9,135,-6.2464,155.172,2017,1,1
6.5,6,6,654,0,1.64,21,36,-10.3506,161.335,2017,1,1
7.3,6,3,849,0,3.813,18,627.17,4.4782,122.617,2017,1,1
6.9,6,4,742,0,2.495,13,12,-19.3733,176.052,2017,1,1
7.6,9,8,1152,0,0.355,29,38,-43.4064,-73.9413,2016,12,1
6.7,5,5,726,0,3.38,17,152,-7.5082,127.921,2016,12,0
7.9,9,7,972,0,1.389,13,94.54,-4.5049,153.522,2016,12,1
6.9,8,6,737,0,1.747,26,19.73,-10.749,161.132,2016,12,1
6.5,0,5,650,0,1.937,18,12.26,-10.8416,161.314,2016,12,0
7.8,9,8,961,0,1.836,13,40,-10.6812,161.327,2016,12,1
6.6,5,4,1120,0,1.405,55,8.45,40.4535,-126.194,2016,12,1
6.5,9,8,731,0,0.778,27,13,5.2834,96.1678,2016,12,0
6.6,8,7,693,0,1.697,20,17,39.2732,73.9776,2016,11,0
6.9,5,4,855,0,1.796,20,10,11.9097,-88.8968,2016,11,1
6.9,9,6,1144,0,0.671,10,9,37.3931,141.387,2016,11,1
6.5,7,7,664,0,0.283,56,9,-42.6058,173.254,2016,11,1
6.5,6,7,656,0,0.135,58,10,-42.3205,173.669,2016,11,1
7.8,9,9,1545,0,0.481,21,15.11,-42.7373,173.054,2016,11,1
6.6,9,8,2840,0,0.174,25,8,42.8621,13.0961,2016,10,0
6.6,3,3,677,0,2.022,16,614,-4.8626,108.163,2016,10,0
6.8,3,6,716,0,3.727,11,42,-6.0033,148.887,2016,10,1
6.9,2,3,733,0,4.051,9,596.4,-19.7819,-178.244,2016,9,1
7,5,6,897,0,0.698,21,19,-37.3586,179.146,2016,9,1
6.8,4,3,713,0,0.803,12,476,-3.6849,152.792,2016,8,1
6.8,6,6,981,0,1.802,17,82,20.9228,94.569,2016,8,0
7.2,6,5,799,0,4.823,14,16.37,-22.4765,173.117,2016,8,1
7.7,5,6,971,0,3.294,14,196,18.5429,145.507,2016,7,1
6.6,4,6,671,0,2.435,16,50,-2.0967,100.665,2016,6,0
7.2,1,6,798,0,5.803,24,78,-56.2409,-26.9353,2016,5,1
6.9,3,3,733,0,5.485,19,405.69,-21.9724,-178.204,2016,5,1
6.9,8,7,780,0,1.192,17,29.95,0.4947,-79.616,2016,5,1
6.7,5,7,744,0,1.352,21,16,0.4261,-79.7899,2016,5,1
7,7,7,755,0,0.616,14,24,-16.0429,167.379,2016,4,1
7.8,9,9,1163,0,1.44,15,20.59,0.3819,-79.9218,2016,4,1
7,9,9,2074,0,0.349,32,10,32.7906,130.754,2016,4,1
6.9,6,6,903,0,3.001,14,136,23.0944,94.8654,2016,4,0
6.6,6,4,738,0,0.789,17,212,36.4725,71.1311,2016,4,0
6.7,7,5,692,0,6.787,25,27.59,-13.9805,166.594,2016,4,1
6.7,7,6,691,0,6.697,19,24,-14.0683,166.624,2016,4,1
6.9,7,6,734,0,1.166,25,26,-14.3235,166.855,2016,4,1
7.8,4,3,948,0,7.009,20,24,-4.9521,94.3299,2016,3,0
7.2,3,7,799,0,0.958,17,177,53.9776,158.546,2016,1,1
7.1,7,7,1496,0,0,0,125.6,59.6204,-153.339,2016,1,1
6.6,3,4,673,0,2.413,74,10,18.8239,-106.934,2016,1,1
6.7,5,6,717,0,0.281,22,46,41.9723,142.781,2016,1,1
6.5,3,6,651,0,3.144,22,13,3.8965,126.862,2016,1,1
6.7,8,7,1515,0,1.794,16,55,24.8036,93.6505,2016,1,0
6.6,8,6,765,0,0.41,35,85,15.8015,-93.633,2015,12,1
6.9,8,5,738,0,2.979,14,21,-4.1064,129.508,2015,12,0
7.2,4,7,827,0,1.116,18,22,38.2107,72.7797,2015,12,0
6.7,2,3,691,0,2.033,19,602.75,-9.1825,-71.2574,2015,11,0
7.6,5,4,896,0,2.852,10,620.56,-10.0598,-71.0184,2015,11,0
7.6,6,5,957,0,3.287,10,606.21,-10.5372,-70.9437,2015,11,1
6.8,5,6,715,0,1.599,19,12.59,-8.8994,158.422,2015,11,1
6.5,7,7,1018,0,0,0,11,38.67,20.6,2015,11,0
6.7,5,4,702,0,1.444,17,12,31.0009,128.873,2015,11,0
6.9,5,6,744,0,0.821,43,10,-29.5097,-72.0585,2015,11,0
6.9,6,6,761,0,0.784,32,12,-29.5067,-72.0068,2015,11,1
6.6,7,4,675,0,2.792,31,10,6.8431,94.648,2015,11,0
6.8,7,7,841,0,0.258,41,46,-30.8796,-71.4519,2015,11,1
6.5,5,7,657,0,1.53,21,20,-8.3381,124.875,2015,11,0
7.5,8,7,1448,0,0.622,18,231,36.5244,70.3676,2015,10,0
7.1,6,6,780,0,0.592,11,135,-14.8595,167.303,2015,10,1
6.6,7,7,671,0,2.486,13,18,-0.6212,131.262,2015,9,0
6.6,5,7,820,0,1.064,14,35,-31.7275,-71.3792,2015,9,1
6.7,5,7,718,0,0.853,35,23,-31.5173,-71.804,2015,9,0
6.5,6,7,657,0,0.749,62,27,-31.4244,-71.6876,2015,9,0
7,8,7,799,0,0.903,13,28.41,-31.5622,-71.4262,2015,9,0
8.3,9,8,1960,0,0.684,19,22.44,-31.5729,-71.6744,2015,9,1
6.7,5,5,708,0,1.256,123,10,24.913,-109.623,2015,9,1
6.5,0,5,650,0,2.045,16,6.43,-9.3293,157.877,2015,8,1
6.6,3,5,671,0,1.872,20,22,-9.3438,158.053,2015,8,1
7,9,7,762,0,6.278,12,48,-2.6286,138.528,2015,7,1
6.9,4,7,734,0,0.444,39,29,52.376,-169.446,2015,7,1
7,8,6,759,0,5.205,22,11,-10.4012,165.141,2015,7,1
6.5,4,4,686,0,1.218,20,20,13.8672,-58.5479,2015,7,1
6.7,4,5,691,0,1.529,11,12,-9.307,158.403,2015,7,1
6.5,3,4,652,0,2.277,11,460,27.7375,139.725,2015,6,0
7.8,6,3,1151,0,1.675,12,664,27.8386,140.493,2015,5,1
6.8,5,6,762,0,0,0,72.6,56.594,-156.43,2015,5,1
6.8,1,5,711,0,3.619,18,10,-11.1093,163.215,2015,5,1
6.9,1,4,732,0,4.024,22,11.19,-11.0559,163.696,2015,5,1
6.8,1,4,711,0,4.395,15,11,-10.8759,164.169,2015,5,1
6.8,8,6,831,0,1.422,8,35,38.9056,142.032,2015,5,1
7.3,8,7,1563,0,0.677,11,15,27.8087,86.0655,2015,5,0
7.1,1,6,776,0,3.835,11,10,-7.2175,154.557,2015,5,1
7.5,7,8,869,0,1.295,22,55,-5.4624,151.875,2015,5,1
6.8,5,6,714,0,1.074,23,44,-5.2005,151.777,2015,5,1
6.7,5,6,692,0,1.239,12,31,-5.375,151.771,2015,4,1
6.7,7,7,1016,0,0.727,13,22.91,27.7711,86.0173,2015,4,0
6.6,8,7,733,0,1.778,16,10,28.2244,84.8216,2015,4,0
7.8,8,9,2820,0,1.857,12,8.22,28.2305,84.7314,2015,4,0
6.5,0,5,650,0,3.702,42,10,-15.8815,-178.6,2015,4,1
6.5,2,5,650,0,4.629,36,11,-15.4994,-173.029,2015,3,1
7.5,6,7,872,0,0.666,19,41,-4.7294,152.562,2015,3,1
7,4,6,760,0,1.362,12,552.06,-7.2968,122.535,2015,2,0
6.7,5,5,714,0,1.925,20,23,39.8558,142.881,2015,2,1
6.7,4,6,700,0,2.11,16,223,-23.1125,-66.688,2015,2,1
6.8,1,4,711,0,2.019,13,219.96,-17.0309,168.52,2015,1,1
6.5,1,4,650,0,4.318,61,8,5.9045,-82.6576,2015,1,1
6.6,7,6,709,0,2.485,43,20,7.9401,-82.6865,2014,12,1
6.6,1,5,670,0,3.246,12,23,-6.5108,154.46,2014,12,1
6.6,1,3,670,0,2.6,9,614,6.1572,123.126,2014,12,0
6.8,6,5,713,0,1.421,19,39,1.9604,126.575,2014,11,1
6.5,5,5,652,0,1.549,9,35,2.2999,127.056,2014,11,1
6.7,7,4,698,0,1.079,25,22,-37.6478,179.662,2014,11,1
7.1,4,6,779,0,1.397,18,45,1.8929,126.522,2014,11,1
6.6,2,6,671,0,3.557,13,53.19,-5.9873,148.232,2014,11,1
7.1,3,6,776,0,4.415,13,434,-19.6903,-177.759,2014,11,1
7.3,8,6,982,0,1.078,18,40,12.5262,-88.1225,2014,10,1
6.7,5,5,724,0,0.46,11,130,13.7641,144.429,2014,9,1
6.8,6,6,741,0,4.107,18,101,-14.598,-73.5714,2014,8,1
6.9,0,4,732,0,6.393,12,13,0.8295,146.169,2014,8,1
6.9,0,6,732,0,3.934,15,615.42,-19.8015,-178.4,2014,7,1
6.5,5,4,706,0,2.421,9,20,37.0052,142.452,2014,7,1
6.9,8,7,1079,0,0.263,51,53,14.724,-92.4614,2014,7,1
6.5,0,4,650,0,2.124,15,20,-6.2304,152.807,2014,7,1
6.7,0,5,691,0,6.713,45,18,-14.9831,-175.51,2014,6,1
6.9,0,5,732,0,4.838,25,8,-55.4703,-28.3669,2014,6,1
7.9,6,8,963,0,0.133,22,109,51.8486,178.735,2014,6,1
6.7,0,5,691,0,0.748,43,26.59,-29.9414,-177.607,2014,6,0
6.5,0,5,650,0,0.778,30,10,-29.9379,-177.516,2014,6,0
6.9,0,5,732,0,0.751,35,20,-29.9772,-177.725,2014,6,1
6.9,9,7,951,0,0.402,25,6.43,40.2893,25.3889,2014,5,0
6.5,7,5,694,0,3.121,33,10,7.2096,-82.3045,2014,5,1
6.6,0,5,670,0,3.34,10,106,-21.4542,170.355,2014,5,1
6.5,4,6,838,0,0,0,10,49.6388,-127.732,2014,4,1
7.5,0,6,865,0,3.82,16,43.37,-6.7547,155.024,2014,4,1
6.6,0,6,670,0,3.803,11,29,-6.6558,155.087,2014,4,1
7.2,8,7,1017,0,2.25,46,24,17.397,-100.972,2014,4,1
6.6,0,6,670,0,2.666,22,10,-11.1284,162.052,2014,4,0
7.4,0,6,842,0,2.885,17,39,-11.4633,162.051,2014,4,1
7.6,0,7,889,0,2.828,13,22.56,-11.2701,162.148,2014,4,1
6.6,6,5,677,0,0.761,20,135,11.642,-85.8779,2014,4,1
6.5,0,6,650,0,3.787,16,20,-6.7878,154.95,2014,4,1
7.1,0,7,776,0,3.729,21,60.53,-6.5858,155.048,2014,4,1
7.7,8,9,1057,0,1.029,44,22.4,-20.5709,-70.4931,2014,4,1
6.5,7,7,670,0,0.828,82,24.07,-20.3113,-70.5756,2014,4,0
6.9,0,5,732,0,0.828,119,28.42,-19.8927,-70.9455,2014,4,0
8.2,9,8,1332,0,0.609,23,25,-19.6097,-70.7691,2014,4,1
6.7,7,7,718,0,1.008,44,20,-19.9807,-70.7022,2014,3,1
6.8,5,5,1211,112,0.6568,229,16.441,40.8287,-125.134,2014,3,1
6.5,4,5,668,0,1.001,17,119,27.4312,127.367,2014,3,1
6.5,5,4,681,0,1.635,30,14.83,14.6682,-58.9272,2014,2,1
6.9,3,8,733,0,7.496,18,10,35.9053,82.5864,2014,2,0
6.5,0,5,650,0,0.409,20,122,-15.0691,167.372,2014,2,1
6.5,0,3,650,0,3.651,22,44.26,-32.9076,-177.881,2014,2,1
6.5,0,4,650,0,3.997,14,187,-13.8633,167.249,2014,1,1
6.5,3,4,651,0,5.194,22,371,-17.1171,-176.545,2013,11,0
7.7,1,8,912,0,8.05,23,10,-60.2738,-46.4011,2013,11,1
6.9,0,5,732,0,8.284,17,9.97,-60.2627,-47.0621,2013,11,1
6.6,6,7,723,0,0.636,31,27,-30.2921,-71.5215,2013,10,1
7.1,6,4,872,0,3.968,10,35,37.1557,144.661,2013,10,1
6.6,8,5,692,0,1.98,44,9.45,26.0913,-110.321,2013,10,1
6.8,0,6,711,0,5.79,9,35,-6.4456,154.931,2013,10,1
7.1,9,8,1092,0,3.144,12,19.04,9.8796,124.117,2013,10,1
6.6,5,6,691,0,1.984,40,40,35.5142,23.2523,2013,10,0
6.7,0,3,691,0,2.958,11,573,53.1995,152.786,2013,10,0
6.5,0,4,650,0,1.709,21,41.54,-30.9255,-178.323,2013,9,1
6.8,7,7,1005,0,7.359,17,12,27.1825,65.5052,2013,9,0
7.1,8,7,843,0,4.446,17,40,-15.8385,-74.5112,2013,9,1
7.7,5,8,2015,0,7.241,17,15,26.951,65.5009,2013,9,0
6.5,0,6,650,0,0.735,24,20,51.5573,-174.767,2013,9,1
6.5,5,3,739,0,3.276,26,402,29.9377,138.833,2013,9,0
6.5,4,5,668,0,3.097,11,112,-7.44,128.221,2013,9,0
7,5,6,758,0,0.624,53,29,51.537,-175.23,2013,8,0
6.5,9,7,690,0,0,0,8.2,-41.734,174.152,2013,8,1
6.7,4,5,715,0,3.741,22,12,5.7732,-78.1999,2013,8,1
6.5,6,7,693,229,0,20,17,-41.704,174.337,2013,7,1
7.3,0,6,820,398,0,43,11,-60.857,-25.07,2013,7,1
6.6,4,6,674,139,0,14,56,-6.029,149.706,2013,7,0
7.3,0,4,820,117,0,24,385.5,-3.917,153.927,2013,7,1
6.6,0,7,670,111,0,16,10,10.701,-42.594,2013,6,1
6.5,5,6,679,698,0,27,30,11.763,-86.926,2013,6,1
6.7,5,4,710,515,0,24,9,-10.004,107.236,2013,6,0
6.7,0,3,691,217,0,25.2,624,52.235,151.444,2013,5,1
8.3,5,5,1115,385,0,10,598.1,54.892,153.221,2013,5,1
7.4,0,6,842,626,0,16,173.7,-23.009,-177.232,2013,5,1
6.8,0,3,711,131,0,18,602.2,18.728,145.288,2013,5,0
6.5,0,6,650,264,0,16.6,10,-3.898,152.127,2013,4,1
6.6,8,8,2083,548,0,12.6,14,30.308,102.888,2013,4,0
7.2,5,7,804,770,0,10.1,110,46.221,150.788,2013,4,1
6.6,7,7,672,445,0,11,13,-3.214,142.542,2013,4,1
7.7,8,8,1421,506,0,26.6,80,28.033,61.996,2013,4,0
6.6,0,5,670,491,0,11.5,31,-6.475,154.607,2013,4,1
7,3,7,755,640,0,11.4,66,-3.517,138.476,2013,4,1
6.5,0,6,650,317,0,14.2,28,-6.598,148.174,2013,3,1
6.5,3,6,651,480,0,20.7,29,50.958,157.408,2013,3,0
6.9,5,6,736,531,0,20.7,41,50.954,157.283,2013,2,1
6.6,0,7,670,697,0,15.3,11,67.631,142.508,2013,2,1
6.6,0,6,670,421,0,16.6,18,-10.994,165.741,2013,2,1
6.9,5,5,904,562,0,23.7,145,1.135,-77.393,2013,2,1
7.1,9,6,780,334,0,16.5,21,-10.928,166.018,2013,2,1
6.8,0,7,711,400,0,17.5,12,-10.838,165.969,2013,2,1
6.7,0,6,691,387,0,26.5,11,-10.997,165.655,2013,2,1
7,0,6,754,445,0,17.5,8.8,-10.499,165.588,2013,2,0
7.1,0,5,776,550,0,18.4,10,-11.183,164.882,2013,2,0
8,8,7,993,460,0,20.9,24,-10.799,165.114,2013,2,1
6.9,6,7,814,686,0,28,107,42.77,143.092,2013,2,0
6.8,6,7,771,596,0,19.3,45,-28.094,-70.653,2013,1,0
7.5,6,6,1425,0,0,0,8.7,55.228,-134.859,2013,1,0
6.7,0,4,691,521,0,13.7,200.7,-14.344,167.286,2012,12,0
7.1,5,5,843,517,0,8.7,155,-6.533,129.825,2012,12,0
7.3,6,5,1014,918,0,14.8,31,37.89,143.949,2012,12,0
6.5,4,5,708,598,0,57.3,20,14.129,-92.164,2012,11,0
6.8,7,6,795,391,0,13.7,13.7,23.005,95.885,2012,11,0
7.4,8,7,1455,751,0,25.5,24,13.988,-91.895,2012,11,0
7.8,8,7,1726,807,0,42.7,14,52.788,-132.101,2012,10,0
6.5,6,6,745,691,0,34.4,17,10.086,-85.298,2012,10,0
6.6,3,5,675,291,0,17.7,13,-4.892,134.03,2012,10,0
7.3,7,6,1221,934,0,15.5,170,1.929,-76.362,2012,9,0
7.6,8,7,1555,703,0,34.3,35,10.085,-85.315,2012,9,0
7.6,8,5,1115,682,0,10.2,28,10.811,126.638,2012,8,0
7.3,5,5,994,417,0,37,28,12.139,-88.59,2012,8,0
6.6,4,5,678,497,0,14.6,91.1,2.19,126.837,2012,8,0
7.7,7,4,941,862,0,13.8,583.2,49.8,145.064,2012,8,0
6.5,5,6,653,576,0,11.7,41,-4.651,153.173,2012,7,0
6.6,4,5,675,529,0,15.7,134.7,-18.685,-174.705,2012,4,0
6.7,0,7,691,370,0,15.4,16,-1.617,134.276,2012,4,0
6.8,6,5,732,597,0,12.6,198,-5.462,147.117,2012,4,0
6.7,0,7,691,518,0,26.9,29,-32.625,-71.365,2012,4,0
7,7,7,1000,474,0,95.9,13,28.696,-113.104,2012,4,0
6.5,7,6,1171,599,0,54.1,20,18.229,-102.689,2012,4,0
8.2,9,6,1213,341,0,14.9,25.1,0.802,92.463,2012,4,0
8.6,9,7,2048,499,0,16.6,20,2.327,93.063,2012,4,0
7.1,7,7,1496,553,0,15.2,40.7,-35.2,-72.217,2012,3,0
6.6,6,6,709,640,0,10.1,118,-6.242,145.955,2012,3,0
7.4,9,8,1752,672,0,37.9,20,16.493,-98.231,2012,3,0
6.7,7,7,833,596,0,13.4,12,51.708,95.991,2012,2,0
6.7,9,7,1551,572,0,11.1,11,9.999,123.206,2012,2,0
7.1,5,5,793,573,0,12,23,-17.827,167.133,2012,2,0
7.2,4,4,838,443,0,17,19,2.433,93.21,2012,1,0
6.6,0,7,670,545,0,17.6,15,51.842,95.911,2011,12,0
7.1,6,6,834,485,0,10.6,135,-7.551,146.809,2011,12,0
6.5,8,7,1400,578,0,38.6,59,17.986,-99.789,2011,12,0
6.9,6,7,847,474,0,46.5,24,-14.438,-75.966,2011,10,0
7.1,9,9,1096,693,0,19.7,18,38.721,43.508,2011,10,0
6.5,3,6,655,423,0,12.6,37,-6.57,147.881,2011,10,0
6.9,8,8,1562,383,0,13,50,27.73,88.155,2011,9,0
6.7,5,5,712,667,0,10.9,30,40.273,142.779,2011,9,0
6.7,5,6,915,447,0,15.3,91,2.965,97.893,2011,9,0
7,7,5,761,406,0,15.3,185.1,-20.671,169.716,2011,9,0
7,6,6,913,471,0,26.9,147,-7.641,-74.525,2011,8,0
7.1,5,6,787,564,0,12.3,28,-18.311,168.218,2011,8,0
6.5,0,5,650,322,0,15,35,-18.308,168.156,2011,8,0
7.2,8,6,813,280,0,18.4,32,-18.365,168.143,2011,8,0
6.6,3,6,674,229,0,16.6,10,-3.518,144.828,2011,7,0
7.6,3,7,893,567,0,33.5,17,-29.539,-176.34,2011,7,0
6.7,6,6,749,592,0,24.9,33,39.955,142.205,2011,6,0
6.8,4,5,734,519,0,12.5,11,-20.244,168.226,2011,5,0
6.8,5,6,719,445,0,13,79,-10.375,161.2,2011,4,0
6.6,7,7,822,586,0,10.1,11,37.001,140.401,2011,4,0
7.1,8,8,1114,446,0,17.7,42,38.276,141.588,2011,4,0
6.6,7,6,897,518,0,37.2,166.2,17.208,-94.338,2011,4,0
6.9,7,9,1154,335,0,18.2,8,20.687,99.822,2011,3,0
6.6,6,5,673,668,0,9.5,25.7,39.241,142.463,2011,3,0
6.5,0,4,650,369,0,18.7,6.8,36.166,141.562,2011,3,0
7.7,7,4,931,507,0,10.8,18.6,38.058,144.59,2011,3,0
7.9,8,7,1140,163,0,48.4,42.6,36.281,141.111,2011,3,0
9.1,9,8,2184,541,0,9.5,29,38.297,142.373,2011,3,0
7.3,5,5,972,550,0,17.4,32,38.435,142.842,2011,3,0
6.7,5,6,731,358,0,33.9,21,-35.38,-72.834,2011,2,0
6.9,7,7,988,382,0,34.7,26,-36.422,-72.96,2011,2,0
7.2,7,7,1449,372,0,25.3,68,28.777,63.951,2011,1,0
7,2,5,755,578,0,13.3,9,-20.628,168.471,2011,1,0
7.2,8,7,1054,397,0,30.1,24,-38.355,-73.326,2011,1,0
7.3,0,5,820,409,0,12,16,-19.702,167.947,2010,12,0
6.7,3,7,708,279,0,24.3,12,28.412,59.18,2010,12,0
6.6,0,6,670,306,0,18.5,33,-6.001,149.977,2010,12,0
7.8,4,7,946,379,0,23,20.1,-3.487,100.082,2010,10,0
6.7,5,5,776,352,0,50.3,13,24.696,-109.156,2010,10,0
7,8,5,772,271,0,15.1,26,-4.963,133.76,2010,9,0
7,8,8,1245,365,0,15.8,12,-43.522,171.83,2010,9,0
7.1,6,5,945,672,0,12.4,206.7,-1.266,-77.306,2010,8,0
7.3,7,7,850,405,0,20.2,25,-17.541,168.069,2010,8,0
7,4,6,757,396,0,12.7,44,-5.746,150.765,2010,8,0
6.5,5,4,659,403,0,11.1,220,-5.486,146.822,2010,8,0
7.6,5,3,902,340,0,15.1,578,6.497,123.48,2010,7,0
7.3,8,7,831,397,0,18.2,35,-5.931,150.59,2010,7,0
6.9,4,7,737,456,0,15.7,28,-5.966,150.428,2010,7,0
6.6,6,7,753,295,0,52.8,22,-38.067,-73.31,2010,7,0
6.7,5,6,696,392,0,18.7,35,-10.627,161.447,2010,6,0
6.6,0,7,670,309,0,25,10.5,-2.329,136.484,2010,6,0
7,3,7,755,307,0,18.1,18,-2.174,136.543,2010,6,0
7.5,6,5,1144,514,0,18.6,35,7.881,91.936,2010,6,0
7.2,5,6,804,327,0,11.7,31,-13.698,166.643,2010,5,0
7.2,5,6,918,611,0,20.6,38,3.748,96.018,2010,5,0
6.9,6,9,773,410,0,14.9,17,33.165,96.548,2010,4,0
6.9,4,5,740,399,0,12.1,21,-10.878,161.116,2010,4,0
7.8,0,7,936,352,0,19.2,31,2.383,97.048,2010,4,0
7.2,9,9,2910,10,0.5137,239,9.987,32.2862,-115.295,2010,4,0
6.6,5,6,701,413,0,16.7,34,13.667,92.831,2010,3,0
6.7,5,6,856,312,0,34.7,18,-36.217,-73.257,2010,3,0
6.5,6,5,810,491,0,27,32,37.745,141.59,2010,3,0
7,7,7,874,403,0,17.1,18,-34.326,-71.799,2010,3,0
6.9,7,7,1280,415,0,12.5,11,-34.29,-71.891,2010,3,0
6.8,4,6,717,401,0,23.2,26,-3.762,100.991,2010,3,0
6.6,7,7,736,255,0,27.8,18,-36.665,-73.374,2010,3,0
6.5,0,4,650,426,0,18.7,176,-13.571,167.227,2010,3,0
7.4,0,5,842,409,0,17.6,35,-37.773,-75.048,2010,2,0
8.8,8,8,1991,454,0,17.8,22.9,-36.122,-72.898,2010,2,0
7,6,6,1180,487,0,15.7,25,25.93,128.425,2010,2,0
7,9,9,1623,500,0,22.7,13,18.443,-72.571,2010,1,0
6.5,7,7,1360,51,0.3225,220,28.737,40.652,-124.692,2010,1,0
6.8,3,6,713,338,0,15,15.4,-9.019,157.551,2010,1,0
7.1,5,7,780,377,0,15,10,-8.783,157.354,2010,1,0
6.6,5,7,672,282,0,16.6,10,-8.726,157.487,2010,1,0
6.5,6,7,698,390,0,17.7,27,-19.394,-70.321,2009,11,0
7.3,0,4,820,430,0,15,595,-17.239,178.331,2009,11,0
6.6,7,6,677,305,0,20.4,18,-8.207,118.631,2009,11,0
6.8,0,6,711,424,0,21.4,34,29.218,129.782,2009,10,0
6.9,4,6,972,397,0,11,130,-6.133,130.385,2009,10,0
6.8,0,5,711,174,0,30.2,35,-13.298,165.91,2009,10,0
7.4,0,7,842,314,0,20.2,31.1,-13.093,166.497,2009,10,0
7.8,0,6,936,195,0,20.3,35,-12.517,166.382,2009,10,0
7.7,4,7,916,283,0,23.2,45,-13.006,166.51,2009,10,0
6.6,7,7,787,417,0,30.1,9,-2.482,101.524,2009,10,0
7.6,8,8,1639,498,0,14,81,-0.72,99.867,2009,9,0
8.1,7,6,1055,520,0,20.8,18,-15.489,-172.095,2009,9,0
7,7,7,1175,312,0,16.3,46,-7.782,107.297,2009,9,0
6.7,5,6,753,369,0,14.9,20,-1.479,99.49,2009,8,0
6.6,4,5,703,336,0,14.1,53,32.821,140.395,2009,8,0
7.5,7,6,1248,303,0,18.2,24,14.099,92.902,2009,8,0
7.1,5,4,1005,447,0,14.2,292,33.167,137.944,2009,8,0
6.9,5,7,1202,243,0,35,10,29.039,-112.903,2009,8,0
7.8,6,8,1165,434,0,16.8,12,-45.762,166.562,2009,7,0
6.7,5,5,693,269,0,13.8,64,-5.157,153.782,2009,6,0
7.3,7,8,1560,464,0,27.2,19,16.731,-86.217,2009,5,0
7.6,7,5,916,504,0,14,31,-23.043,-174.66,2009,3,0
7.2,3,7,802,432,0,18.6,20,3.886,126.387,2009,2,0
7.4,7,7,846,314,0,21.1,23,-0.691,133.305,2009,1,0
6.6,5,4,765,344,0,22.6,204.8,36.419,70.743,2009,1,0
7.7,5,7,918,288,0,29.8,17,-0.414,132.885,2009,1,0
7.4,9,7,848,365,0,33.7,30,1.271,122.091,2008,11,0
6.7,5,6,731,481,0,28.6,24,14.423,-92.364,2008,10,0
6.7,0,6,691,529,0,22.3,27.4,39.533,73.824,2008,10,0
6.8,0,6,711,500,0,22.2,25,41.892,143.754,2008,9,0
6.6,0,6,670,463,0,14.1,96,1.885,127.363,2008,9,0
6.9,0,6,732,531,0,14.9,110,-13.501,166.967,2008,9,0
6.7,4,7,692,325,0,28,12,30.901,83.52,2008,8,0
6.8,8,7,1046,633,0,20.2,108,39.802,141.464,2008,7,0
7,5,5,840,577,0,18.2,22,37.552,142.214,2008,7,0
6.9,5,5,825,0,0,0,25.5,37.55,142.714,2008,7,0
6.6,4,5,680,630,0,18.4,17,11.005,91.824,2008,6,0
6.9,7,8,888,654,0,17.1,7.8,39.03,140.881,2008,6,0
7.9,9,9,1870,774,0,11.3,19,31.002,103.322,2008,5,0
6.9,5,5,910,519,0,21.1,27,36.164,141.526,2008,5,0
7.3,0,6,820,486,0,13.4,33,-20.071,168.892,2008,4,0
7.2,0,7,798,532,0,25.9,10,35.49,81.467,2008,3,0
6.9,4,5,740,544,0,25.9,24,13.351,125.63,2008,3,0
6.7,5,6,696,543,0,15.1,25,-2.245,99.808,2008,2,0
6.6,4,6,674,421,0,17.7,25,-2.332,99.891,2008,2,0
7.2,4,7,832,505,0,18.4,25,-2.486,99.972,2008,2,0
6.5,4,6,654,429,0,28.3,22,-2.405,99.931,2008,2,0
7.4,5,7,914,607,0,16.4,26,2.768,95.964,2008,2,0
6.5,8,5,692,650,0,30.7,28,36.345,21.863,2008,2,0
6.9,6,6,941,645,0,30.6,29,36.501,21.67,2008,2,0
6.5,7,6,723,521,0,27.6,83,16.357,-94.304,2008,2,0
6.6,7,6,808,461,0,18.8,20,-39.011,178.291,2007,12,0
6.7,5,7,704,481,0,30.3,45,-22.954,-70.182,2007,12,0
7.4,7,7,1542,663,0,13.4,156,14.944,-61.274,2007,11,0
6.6,3,6,672,280,0,26.9,16,-10.95,162.149,2007,11,0
6.5,5,7,653,272,0,27.6,18,-8.224,118.467,2007,11,0
6.5,7,7,657,353,0,27.5,20,-8.292,118.37,2007,11,0
6.8,6,6,722,341,0,15.9,53,-5.757,147.098,2007,11,0
6.8,7,6,790,649,0,27,122.9,-2.312,-77.838,2007,11,0
6.8,6,7,716,285,0,40.1,26,-22.925,-70.237,2007,11,0
7.7,8,7,995,610,0,22.4,40,-22.247,-69.89,2007,11,0
6.8,3,5,713,494,0,23.9,21,-3.899,101.02,2007,10,0
6.8,4,7,744,338,0,19,18,-44.796,167.553,2007,10,0
6.8,4,5,713,348,0,15.5,40,-4.99,153.5,2007,9,0
6.7,3,5,696,503,0,26.9,30,-1.999,100.141,2007,9,0
7,4,7,768,537,0,23.1,22,-2.13,99.627,2007,9,0
6.5,0,5,650,409,0,26.2,28.9,-1.689,99.668,2007,9,0
7.9,8,7,1133,446,0,29.1,35,-2.625,100.841,2007,9,0
7.8,7,8,1152,0,0,0,40.5,-2.52,100.139,2007,9,0
8.4,0,6,1086,411,0,32.3,34,-4.438,101.367,2007,9,0
6.8,5,6,747,653,0,17.6,15,2.966,-77.963,2007,9,0
7.2,0,5,798,312,0,21.3,35,-11.61,165.762,2007,9,0
6.5,5,6,675,382,0,12.8,15,-9.834,159.465,2007,8,0
8,9,8,1385,625,0,25.7,39,-13.386,-76.603,2007,8,0
7.5,0,5,865,228,0,30.7,280,-5.859,107.419,2007,8,0
7.2,7,7,803,494,0,20.4,120,-15.595,167.68,2007,8,0
6.9,3,5,734,374,0,24.1,25,2.872,127.464,2007,7,0
6.8,5,4,779,664,0,18.2,350.4,36.808,134.85,2007,7,0
6.6,8,8,831,782,0,16.7,12,37.535,138.446,2007,7,0
6.7,6,6,972,468,0,37.7,23,13.554,-90.618,2007,6,0
6.9,0,7,732,305,0,15.3,10,-7.306,155.741,2007,4,0
6.6,0,7,670,251,0,16,10,-7.169,155.777,2007,4,0
8.1,9,8,1025,439,0,14.7,24,-8.466,157.043,2007,4,0
6.7,7,8,782,493,0,23.9,8,37.336,136.588,2007,3,0
7.1,3,6,779,426,0,25.3,34,-20.617,169.357,2007,3,0
6.7,0,6,691,253,0,40.3,12,-1.034,126.976,2007,2,0
7.5,6,5,874,570,0,21.6,22,1.065,126.282,2007,1,0
8.1,4,5,1034,606,0,14,10,46.243,154.524,2007,1,0
6.9,6,7,798,466,0,31.6,10,21.974,120.493,2006,12,0
7.1,8,7,1023,744,0,29.1,10,21.799,120.547,2006,12,0
8.3,4,7,1064,576,0,20.9,10,46.592,153.266,2006,11,0
6.6,0,6,670,352,0,18.6,11,-6.482,151.195,2006,11,0
6.7,5,6,732,444,0,53.4,23,-13.457,-76.677,2006,10,0
6.7,5,6,692,533,0,15.6,32,-5.881,150.982,2006,10,0
6.7,8,9,1481,43,0,124,38.182,19.877,-155.935,2006,10,0
6.9,3,3,737,702,0,20.9,28,-16.592,-172.033,2006,9,0
6.8,0,6,711,459,0,28.4,38,-6.759,155.512,2006,9,0
6.5,0,6,650,700,0,47.4,43,51.148,157.522,2006,8,0
6.8,5,5,713,551,0,26.2,150,-15.798,167.789,2006,8,0
7.7,7,5,947,357,0,36.8,20,-9.284,107.419,2006,7,0
6.5,0,6,650,477,0,20.3,34,-5.724,151.133,2006,5,0
6.6,0,7,670,548,0,28,19,60.772,165.743,2006,5,0
6.8,4,5,719,701,0,16.3,12,0.093,97.05,2006,5,0
8,7,7,1013,626,0,20.7,55,-20.187,-174.123,2006,5,0
8,8,9,1026,0,0,0,60.5,-19.99,-173.907,2006,5,0
6.5,7,7,653,282,0,46.3,12,-27.211,-71.056,2006,4,0
6.7,6,7,696,277,0,25.6,12,-27.017,-71.022,2006,4,0
6.6,0,8,670,645,0,28.4,11,60.491,167.516,2006,4,0
7.6,0,8,889,579,0,18.5,22,60.949,167.089,2006,4,0
6.5,3,5,654,247,0,25.5,14,-16.527,176.989,2006,4,0
6.7,0,7,691,306,0,21.3,30.1,-3.595,127.214,2006,3,0
7,5,9,891,412,0,23.2,11,-21.324,33.583,2006,2,0
6.7,7,6,934,769,0,19.7,66,36.311,23.212,2006,1,0
6.6,7,6,703,323,0,48.2,14,28.164,-112.117,2006,1,0
6.5,6,5,721,529,0,20.5,224.6,36.357,71.093,2005,12,0
6.8,5,7,744,561,0,20,22,-6.224,29.83,2005,12,0
6.5,4,5,683,464,0,48.8,29,38.089,142.122,2005,12,0
6.5,3,6,651,358,0,20.7,21,2.164,96.786,2005,11,0
6.8,0,6,711,509,0,30.1,147,-22.361,-67.895,2005,11,0
7.6,9,9,1267,724,0,21.1,26,34.539,73.588,2005,10,0
6.6,0,6,670,402,0,17.7,25,-5.437,151.84,2005,9,0
7.5,8,7,1018,696,0,26.2,115,-5.678,-76.398,2005,9,0
7.6,5,7,891,502,0,20,90,-4.539,153.474,2005,9,0
7.2,7,7,1104,698,0,19.6,36,38.276,142.039,2005,8,0
7.2,4,5,808,636,0,26.4,16,7.92,92.19,2005,7,0
6.7,3,6,693,398,0,22.3,21,1.819,97.082,2005,7,0
6.6,6,5,719,446,0,21.1,27,11.245,-86.172,2005,7,0
7.2,5,4,1318,420,0,31.4,16,41.292,-125.953,2005,6,0
7.8,8,7,1020,714,0,16.1,115.6,-19.987,-69.197,2005,6,0
6.9,5,7,740,635,0,26,30,1.989,97.041,2005,5,0
6.7,6,5,731,695,0,20.9,34,0.587,98.459,2005,5,0
6.5,3,6,657,478,0,21.2,30,-1.714,99.779,2005,4,0
6.7,5,6,717,656,0,21.2,19,-1.644,99.607,2005,4,0
8.6,0,8,1138,510,0,22.1,30,2.085,97.108,2005,3,0
6.6,8,7,805,401,0,22.9,10,33.807,130.131,2005,3,0
7.1,0,5,776,569,0,18.1,201.7,-6.527,129.933,2005,3,0
6.8,0,6,711,444,0,33.8,36,2.908,95.592,2005,2,0
6.5,0,7,650,371,0,31.8,10,-5.562,122.129,2005,2,0
6.5,3,5,652,286,0,47.3,39.7,4.756,126.421,2005,2,0
6.7,0,4,691,457,0,30.2,206.3,-14.252,167.259,2005,2,0
7.1,7,3,782,640,0,26.4,525,5.293,123.337,2005,2,0
6.6,6,4,676,225,0,78.5,27.8,34.064,141.491,2005,1,0
6.6,0,5,670,353,0,31.9,16.1,8.879,92.375,2004,12,0
7.2,5,6,802,385,0,27.9,39.2,6.91,92.958,2004,12,0
9.1,0,8,1274,601,0,22,30,3.295,95.982,2004,12,0
8.1,0,5,1009,331,0,59.3,10,-49.312,161.345,2004,12,0
6.8,5,6,858,639,0,21.8,10,18.958,-81.409,2004,12,0
6.8,4,7,724,759,0,23.6,35,42.9,145.228,2004,12,0
7,4,7,771,929,0,23.9,39,43.006,145.119,2004,11,0
7.1,0,7,776,439,0,28.8,10,-3.609,135.404,2004,11,0
7.1,5,5,782,585,0,14.7,10,-46.676,164.721,2004,11,0
7.2,8,8,820,708,0,50.2,15,4.695,-77.508,2004,11,0
7.5,5,7,870,301,0,33.8,10,-8.152,124.868,2004,11,0
6.7,0,6,691,233,0,21.5,10,-11.128,162.208,2004,11,0
6.7,7,4,703,459,0,37.3,10,49.277,-128.772,2004,11,0
6.6,0,8,670,782,0,37,16,37.226,138.779,2004,10,0
6.7,5,6,705,698,0,24.7,94,24.53,122.694,2004,10,0
7,0,6,754,441,0,32.2,35,11.422,-86.665,2004,10,0
6.5,5,5,665,526,0,18.3,105,13.925,120.534,2004,10,0
6.8,0,6,711,545,0,15.7,36,-10.951,162.161,2004,10,0
6.6,0,4,670,478,0,29.8,10,33.205,137.227,2004,9,0
7.4,0,5,842,594,0,27.5,10,33.184,137.071,2004,9,0
7.2,0,5,798,643,0,28.4,14,33.07,136.618,2004,9,0
6.5,0,7,650,349,0,30.1,5,-35.173,-70.525,2004,8,0
6.5,0,7,650,305,0,39,13.4,-0.443,133.091,2004,7,0
6.9,0,5,732,798,0,31.2,188.6,55.682,160.003,2004,6,0
6.6,0,7,670,282,0,46.9,21,-37.695,-73.406,2004,5,0
6.7,0,5,691,386,0,27.6,65.8,-9.362,122.839,2004,4,0
6.5,0,4,650,424,0,29.9,228.4,-13.174,167.198,2004,4,0
6.6,0,4,670,728,0,18.3,187.1,36.512,71.029,2004,4,0
6.7,0,7,691,256,0,33.3,25.7,-3.665,135.339,2004,2,0
7.3,0,7,820,390,0,23,10,-4.003,135.023,2004,2,0
7,0,7,754,367,0,33,16.6,-3.615,135.538,2004,2,0
6.7,0,6,691,243,0,42.5,17.4,-3.12,127.4,2004,1,0
7.3,0,4,820,235,0,46.6,10,-22.015,169.766,2003,12,0
6.6,0,9,670,552,0,44.8,10,28.995,58.311,2003,12,0
6.5,0,6,650,405,0,48.4,33,8.416,-82.824,2003,12,0
6.5,7,9,1390,65,0.04685,71,8.382,35.7005,-121.101,2003,12,0
6.8,0,7,711,447,0,27.7,10,23.039,121.362,2003,12,0
6.6,0,6,670,384,0,25.1,35,-5.581,150.88,2003,11,0
6.5,0,6,650,487,0,45.9,35,12.025,125.416,2003,11,0
6.6,0,5,670,475,0,26.2,113.7,-19.262,168.892,2003,11,0
7,0,5,754,568,0,61.2,10,37.812,142.619,2003,10,0
6.7,0,6,691,556,0,55.4,32,42.648,144.57,2003,10,0
6.7,0,7,691,643,0,24.5,10,50.211,87.721,2003,10,0
6.5,0,5,650,586,0,71.3,25,42.45,144.38,2003,9,0
7.3,0,7,820,667,0,24.5,16,50.038,87.813,2003,9,0
7.4,0,7,842,514,0,78.8,33,41.774,143.593,2003,9,0
8.16,0,9,1024,0,0,0,27,41.815,143.91,2003,9,0
6.6,0,7,670,518,0,24.7,10,19.917,95.672,2003,9,0
7.2,0,7,798,428,0,17.5,28,-45.104,167.144,2003,8,0
7.6,0,6,889,315,0,25.2,10,-60.532,-43.411,2003,8,0
6.5,0,6,650,156,0,31.4,33,-3.828,152.174,2003,7,0
6.8,0,7,711,398,0,39.1,33,-30.608,-71.637,2003,6,0
6.9,0,5,732,733,0,26.7,174.8,55.492,159.999,2003,6,0
6.6,0,6,670,419,0,27.8,33,-5.095,152.502,2003,6,0
7,0,6,754,473,0,30.3,31,2.354,128.855,2003,5,0
7,0,7,754,690,0,19.1,68,38.849,141.568,2003,5,0
6.8,0,9,711,534,0,19.4,12,36.964,3.634,2003,5,0
6.5,0,7,650,247,0,28.7,33,-8.294,120.743,2003,3,0
6.8,0,7,711,431,0,38.4,40.2,-4.694,153.238,2003,3,0
7.6,0,7,889,551,0,0,24,18.77,-104.104,2003,1,0
6.5,0,6,650,316,0,0,24,13.626,-90.774,2003,1,0
7.3,0,6,820,457,0,0,33,-10.491,160.77,2003,1,0
6.7,0,5,691,323,0,0,71.9,-5.311,153.701,2003,1,0
6.7,0,6,691,453,0,0,34,-4.786,153.275,2002,12,0
7.9,8,9,1750,0,0,0,4.2,63.5141,-147.453,2002,11,0
7.4,0,7,842,418,0,0,30,2.824,96.085,2002,11,0
6.6,0,7,670,0,0,0,4.2,63.5144,-147.912,2002,10,0
6.7,0,7,691,250,0,0,10,-1.511,133.973,2002,10,0
7.6,0,7,889,375,0,0,10,-1.757,134.297,2002,10,0
6.5,0,6,650,646,0,0,21,13.036,93.068,2002,9,0
7.6,0,7,889,428,0,0,13,-3.302,142.945,2002,9,0
6.5,0,4,650,260,0,0,30,14.101,146.199,2002,8,0
6.5,0,7,650,533,0,0,10,7.929,-82.793,2002,7,0
6.5,0,8,650,555,0,0,10,35.626,49.047,2002,6,0
6.6,0,7,670,420,0,0,54,-30.805,-71.124,2002,6,0
6.7,0,5,691,272,0,0,33,-12.592,166.383,2002,6,0
7.1,0,7,776,257,0,0,85.7,13.088,144.619,2002,4,0
6.7,0,7,691,462,0,0,62,-27.535,-70.586,2002,4,0
6.8,0,6,711,292,0,0,24.9,16.985,-100.865,2002,4,0
7.1,0,6,776,550,0,0,32.8,24.279,122.179,2002,3,0
6.5,0,5,650,486,0,0,125.1,-21.663,-68.329,2002,3,0
7.5,0,7,865,321,0,0,31,6.033,124.249,2002,3,0
7.4,0,5,842,138,0,0,225.6,36.502,70.482,2002,3,0
6.6,0,6,670,444,0,0,39,-5.345,151.248,2002,2,0
6.5,0,7,650,482,0,0,5,38.573,31.271,2002,2,0
6.7,0,8,691,333,0,0,11,-3.212,142.427,2002,1,0
6.6,0,6,670,386,0,0,10,-17.664,168.004,2002,1,0
7.2,0,6,798,427,0,0,21,-17.6,167.856,2002,1,0
6.8,0,7,711,385,0,0,16,-9.613,159.53,2001,12,0
6.8,0,5,711,499,0,0,14,23.954,122.734,2001,12,0
6.5,0,5,650,605,0,0,123.8,39.402,141.089,2001,12,0
7.8,0,9,936,368,0,0,10,35.946,90.541,2001,11,0
7,0,7,754,254,0,0,33,-5.912,150.196,2001,10,0
7.5,0,6,865,234,0,0,33,-4.102,123.907,2001,10,0
7,0,6,754,482,0,0,37,12.686,144.98,2001,10,0
6.5,0,6,650,174,0,0,33,-0.578,133.13,2001,9,0
6.6,6,6,754,0,0,0,131.8,58.775,-154.701,2001,7,0
6.5,0,8,650,483,0,0,10,39.059,24.244,2001,7,0
7.6,0,7,889,398,0,0,33,-17.543,-72.077,2001,7,0
6.6,0,7,670,324,0,0,62,-16.086,-73.987,2001,7,0
6.7,0,6,691,422,0,0,24,-17.745,-71.649,2001,6,0
8.4,0,8,1086,518,0,0,33,-16.265,-73.641,2001,6,0
6.7,0,6,691,282,0,0,17,-7.41,155.865,2001,4,0
6.8,0,7,711,596,0,0,50,34.083,132.526,2001,3,0
6.5,0,6,650,206,0,0,33,-4.029,128.02,2001,3,0
6.8,7,7,1441,67,0,31,51.798,47.149,-122.727,2001,2,0
7.1,0,7,776,426,0,0,35,1.271,126.249,2001,2,0
7.4,0,6,842,221,0,0,36,-4.68,102.562,2001,2,0
6.6,0,8,670,273,0,0,10,13.671,-88.938,2001,2,0
7.7,0,9,912,472,0,0,16,23.419,70.232,2001,1,0
6.9,0,6,732,117,0,0,28,-4.022,101.776,2001,1,0
7.7,0,8,912,427,0,0,60,13.049,-88.66,2001,1,0
6.9,5,7,745,0,0,0,36.4,56.7744,-153.281,2001,1,0
7.1,0,7,776,372,0,0,103,-14.928,167.17,2001,1,0
6.8,0,5,711,64,0,0,33,6.631,126.899,2001,1,0
7.5,0,7,865,324,0,0,33,6.898,126.579,2001,1,0
